Как сделать активацию аккаунта после регистрации по email?,2,24-05-2017,2,False
Как называется Админ панель для Laravel?,2,24-05-2017,1,True
Почему запрос в pgadmin 4 всегда успешен?,1,24-05-2017,0,False
Как правильно устанавливать программы с наличием разных прав в windows 10?,2,24-05-2017,3,True
Какой инструмент прототипирования приложений вы можете посоветовать?,2,24-05-2017,1,True
Как в мультиязычном сайте синхронизировать переход страницы с переключателем языка?,2,24-05-2017,0,False
Как настроить zabbix, чтоб при изменении не критичных параметров SMART не устраивать вечную панику?,2,24-05-2017,1,False
Почему в Fujitsu ESPRIMO E3500 доступно только 3 гига RAM?,2,24-05-2017,3,False
Может ли быть такое в VLAN?,2,24-05-2017,3,False
Можно ли через API Вконтакте отправлять сообщения на email?,2,24-05-2017,0,False
Где найти данные контрагента UpWork?,2,24-05-2017,1,False
Как открыть PowerShell в папке C:?,2,24-05-2017,3,True
Какой vps хостинг выбрать для websockets сервера?,2,24-05-2017,5,True
Анонимные функции в С, GCC, есть ли вариант?,2,24-05-2017,1,True
Почему перестает работать firefox?,2,24-05-2017,1,True
Какие есть аналоги сканера уязвимостей XSpider?,2,24-05-2017,2,False
Как реализовать калькулятор соимости?,2,24-05-2017,2,False
Как сделать элемент не активным?,1,24-05-2017,1,True
Существует ли способ работы с расшареной папкой в windows из Android-приложения написанного на Unity3d, кроме SMB?,2,24-05-2017,1,False
Как бороться с использованием аккаунта по подписке несколькими людьми?,2,24-05-2017,4,False
Как в Nginx proxy rewrite response?,2,24-05-2017,1,True
Допустима ли подобная структура приложения?,2,24-05-2017,1,False
Как убрать задержку при запросе к серверу через AJAX?,2,24-05-2017,1,False
Какую информация о пользователях может узнать держатель VPS на котором установлен OpenVPN?,1,23-05-2017,3,True
Установить Apple Pay на сайт?,2,23-05-2017,0,False
Настройка Микротика для доступа к сайту из локальной сети в которой находится веб-сервер?,2,23-05-2017,1,True
Как одновременно настроить python 2,3 в vim, проблема с pdb?,2,23-05-2017,1,False
Photoshop плохое качество отображения во время работы, почему?,2,23-05-2017,1,False
Как сделать прилипание заголовка на сайте?,2,23-05-2017,2,False
Авторизация ВК с помощью libcurl. Почему не отправляется форма?,2,23-05-2017,0,False
Почему может падать сервер на NODE JS?,2,23-05-2017,2,True
Когда навожу на пункт меню мышкой, исчезает несколько нижних модулей в Джумле, почему так?,2,23-05-2017,2,True
Как грамотно экспортировать и импортировать товары из woocommerce в excel?,2,23-05-2017,1,False
Если ли метод или сервис для определения в сети ли мобильный телефон?,2,23-05-2017,1,False
Могут ли vpn сервисы перехватывать пароли по https?,2,23-05-2017,3,True
Как в Android Studio изменить шрифт стандартной темы на кастомный?,1,23-05-2017,2,True
Как писать @media запросы, чтобы они корректно работали на псевдо-HD экранах телефонов?,2,23-05-2017,0,False
Почему PHP выдает ошибку?,2,23-05-2017,1,False
Есть ли готовые решения видеочата?,2,23-05-2017,1,False
Как отключить регенерацию PHPSESSID в Yii2?,2,23-05-2017,0,False
Удобное хранилище для support макросов (шаблонов ответов)?,2,23-05-2017,2,True
Где можно прочитать про права для /var/www?,2,23-05-2017,1,False
Как стилизовать терминал в Убунте?,2,23-05-2017,2,False
В какой программе сделать 3д моделирование мизансцены?,2,23-05-2017,2,False
Есть ли книжка, где подробно описаны линкер-скрипты, crt0, бутлоадеры и всякие такие вещи для c++/с?,2,23-05-2017,2,False
Как использовать GIT в веб-разработке, если разные ветки должны иметь разные файлы и конфиги?,1,23-05-2017,2,False
Виртуальные шарды в Postgresql: маппинг ключа на шард, как это делаете вы?,1,23-05-2017,0,False
Действительно ли можно изменить IP адрес в cURL?,2,23-05-2017,2,True
Как убрать лишний VCS root в TeamCity?,2,23-05-2017,0,False
Как настроить исправление неправильной раскладки при поиске Sphinx?,2,23-05-2017,2,True
Как выполнить деплоймент из BitBucket на свой сайт на VPS?,2,23-05-2017,4,False
Как сделать ограничение по времени на время жизни потока в Java?,2,23-05-2017,1,False
Что такое R2.0 в материнской плате?,2,23-05-2017,2,True
Как получить данные по созданным группам в Key Collector?,2,23-05-2017,1,True
Как сделать интерактивный html из презентации?,2,23-05-2017,3,False
Исчезли расшаренные ссылки в OwnCloud, срочно надо восстановить?,2,23-05-2017,0,False
Как сделать проверку BETWEEN между бОльшим и меньшим числом?,2,23-05-2017,4,True
Как отфильтровать массив и удалить ключи?,2,23-05-2017,2,True
По какой причине сайт начинает использовать все ресурсы сервера?,2,23-05-2017,3,False
Как эмулировать тап на экране или клик мыши?,2,23-05-2017,2,False
